Country,Continent,Population(M),LifeExpectancy,GDP_per_capita,HDI,IncomeGroup,BirthRate,DeathRate,UrbanPop(%)
Nigeria,Africa,54.8M,61.3,2006.5,0.599,Lower middle income,33.0,13.5,86.9
Ethiopia,Africa,52.2,62.5,2295.1,0.631,Lower middle income,8.9,6.8,68.7
Egypt,Africa,68.9M,67.2,2135.0,0.543,Lower middle income,35.4,13.8,45.5
DR Congo,Africa,91.4,61.0,2416.3,0.567,Lower middle income,36.8,12.5,80.5
Tanzania,Africa,0.5,59.6,1330.7,0.611,Lower middle income,36.2,12.7,84.6
Kenya,Africa,56.9M,60.8,2196.1,0.607,Lower middle income,10.7,7.3,27.6
South Africa,Africa,37.4,59.1,1705.2,0.585,Lower middle income,17.1,17.1,68.6
Ghana,Africa,87.7,67.7,2524.8,0.609,Lower middle income,41.6,13.0,61.8
Algeria,Africa,94.3,56.2,2128.2,0.568,Lower middle income,18.7,7.7,35.8
Sudan,Africa,82.3M,59.6,1628.1,0.492,Lower middle income,39.1,10.4,39.9
Angola,Africa,34.0,60.8,553.3,0.474,Low income,21.6,7.1,94.8
Mozambique,Africa,69.4,62.7,3011.2,0.613,Lower middle income,34.9,9.9,24.8
Cameroon,Africa,104.2,61.9,3740.6,0.525,Lower middle income,8.4,14.1,71.1
Ivory Coast,Africa,54.6M,67.7,2785.8,0.598,Lower middle income,23.4,17.4,85.7
Madagascar,Africa,37.4M,62.0,3548.9,0.476,Lower middle income,18.1,12.9,65.7
Zambia,Africa,63.5,57.0,2284.8,0.465,Lower middle income,8.0,8.5,21.5
Senegal,Africa,109.2,56.8,1997.4,0.573,Lower middle income,37.9,17.3,26.4
Zimbabwe,Africa,115.2,64.8,2143.7,0.513,Lower middle income,24.2,11.7,39.9
China,Asia,76.0,73.3,2979.2,0.652,Lower middle income,14.8,8.4,94.6
India,Asia,39.6M,73.8,9654.4,0.714,Upper middle income,19.5,12.2,37.3
Indonesia,Asia,211.7,74.4,8916.9,0.831,Upper middle income,37.2,5.0,37.9
Pakistan,Asia,128.5M,74.1,11826.3,0.644,Upper middle income,24.1,15.0,80.6
Bangladesh,Asia,182.7M,74.4,4816.0,0.716,Upper middle income,32.8,13.4,93.8
Japan,Asia,66.3M,74.1,9561.9,0.64,Upper middle income,14.5,10.3,51.6
Philippines,Asia,120.2,81.1,2040.6,0.729,Lower middle income,26.7,4.7,94.9
Vietnam,Asia,281.3M,70.2,9121.6,0.646,Upper middle income,24.5,7.0,50.1
Iran,Asia,0.5,80.0,7465.6,0.802,Upper middle income,23.5,9.9,91.8
Turkey,Asia,12.3,69.8,9512.0,0.729,Upper middle income,40.9,12.1,60.7
Thailand,Asia,209.3M,73.9,1737.8,0.678,Lower middle income,13.4,17.5,26.0
Myanmar,Asia,30.7,68.6,8150.1,0.715,Upper middle income,38.3,7.4,64.6
South Korea,Asia,36.7,74.6,600.7,0.657,Low income,14.9,14.0,37.9
Iraq,Asia,91.3,69.0,5841.9,0.787,Upper middle income,10.5,10.4,94.9
Afghanistan,Asia,164.7M,73.2,7290.0,0.842,Upper middle income,37.9,16.3,47.7
Saudi Arabia,Asia,176.4M,66.6,782.2,0.547,Low income,30.2,4.1,81.3
Malaysia,Asia,31.9,63.9,9053.4,0.706,Upper middle income,11.6,11.7,40.4
Nepal,Asia,110.2M,69.4,6334.1,0.639,Upper middle income,24.6,16.7,83.5
North Korea,Asia,68.6,73.5,13494.0,0.683,Upper middle income,29.7,7.7,75.6
Sri Lanka,Asia,111.0,72.2,13903.0,0.746,High income,38.7,11.6,82.6
Kazakhstan,Asia,142.5M,73.7,5547.5,0.82,Upper middle income,35.1,16.0,87.4
Syria,Asia,120.1,73.9,9249.7,0.537,Upper middle income,21.8,12.7,31.6
Germany,Europe,72.9,70.8,41849.4,0.746,High income,8.8,14.3,44.9
France,Europe,48.5,71.4,35756.4,0.829,High income,34.8,5.5,85.4
UK,Europe,41.7M,85,21414.9,0.895,High income,35.0,7.2,21.8
Italy,Europe,15.2,85,42132.7,0.868,High income,29.8,9.6,93.6
Spain,Europe,44.6,78.3,39890.0,0.872,High income,40.7,7.7,28.1
Poland,Europe,32.6,75.6,19966.5,0.828,High income,21.1,12.1,39.1
Romania,Europe,82.9M,79.1,12185.4,0.853,Upper middle income,33.2,13.4,47.3
Netherlands,Europe,25.4,75.9,22287.9,0.97,High income,32.5,8.2,43.2
Belgium,Europe,20.6,80.9,41316.9,0.932,High income,40.0,13.5,87.7
Sweden,Europe,26.7,83.8,42526.4,0.88,High income,22.6,12.1,69.1
Czech Republic,Europe,21.4,80.0,4850.8,0.905,Upper middle income,35.1,6.4,26.4
Portugal,Europe,22.3M,76.3,40897.9,0.774,High income,30.9,7.1,34.9
Greece,Europe,35.8,83.5,34919.2,0.858,High income,22.1,12.8,34.6
Hungary,Europe,19.3,79.1,31248.7,0.874,High income,33.5,14.8,28.0
Austria,Europe,58.7,85,27917.2,0.877,High income,16.5,15.9,54.2
Switzerland,Europe,4.1,68.7,6133.3,0.783,Upper middle income,38.3,12.6,73.9
Norway,Europe,47.8,74.6,48865.9,0.81,High income,24.1,7.6,38.5
Denmark,Europe,37.5,74.2,24827.7,0.84,High income,10.6,8.0,40.4
USA,North America,34.1,73.5,19301.5,0.857,High income,32.0,4.9,50.6
Mexico,North America,32.4,75.4,4308.4,0.823,Upper middle income,27.9,13.7,84.3
Canada,North America,47.6,74.3,10810.4,0.844,Upper middle income,37.0,17.3,51.4
Guatemala,North America,10.9,72.4,18932.8,0.798,High income,22.8,4.4,45.2
Cuba,North America,35.1,75.4,14316.2,0.757,High income,29.2,4.4,49.6
Haiti,North America,92.4,75.0,23272.8,0.809,High income,9.7,9.3,35.9
Honduras,North America,52.1,70.1,18171.7,0.618,High income,16.6,5.1,21.5
Dominican Republic,North America,77.8M,74.0,10631.0,0.651,Upper middle income,30.2,14.6,91.2
El Salvador,North America,67.1,74.3,25517.2,0.824,High income,27.2,7.1,72.5
Nicaragua,North America,70.3M,78.8,17953.7,0.715,High income,35.9,17.5,28.1
Costa Rica,North America,32.9,79.6,24989.3,0.732,High income,32.3,5.1,71.8
Panama,North America,91.4,78.1,23746.8,0.673,High income,12.1,17.8,78.7
Brazil,South America,16.8,75.7,6030.5,0.728,Upper middle income,36.9,15.5,27.9
Colombia,South America,9.0,68.3,8423.0,0.658,Upper middle income,32.9,17.5,40.3
Argentina,South America,11.6M,72.9,3839.5,0.775,Lower middle income,17.1,15.9,82.3
Peru,South America,46.6M,72.0,4410.6,0.751,Upper middle income,20.9,4.4,83.8
Venezuela,South America,43.9,81.0,5290.4,0.852,Upper middle income,31.8,7.9,20.8
Chile,South America,63.8,77.3,3113.7,0.738,Lower middle income,31.5,13.0,56.8
Ecuador,South America,47.4,75.6,8337.9,0.674,Upper middle income,27.8,10.6,59.8
Bolivia,South America,34.5M,70.4,8618.2,0.677,Upper middle income,16.5,5.7,34.4
Paraguay,South America,0.5,72.5,10551.6,0.775,Upper middle income,24.5,14.1,93.2
Uruguay,South America,33.0M,75.8,10439.0,0.777,Upper middle income,14.1,4.2,60.1
Guyana,South America,61.3,73.2,8859.5,0.696,Upper middle income,37.5,10.9,85.5
Suriname,South America,12.8,74.8,9994.7,0.751,Upper middle income,40.0,10.7,81.7
Australia,Oceania,26.3M,77.5,26721.4,0.813,High income,27.1,8.3,94.5
Papua New Guinea,Oceania,16.1,69.6,23593.6,0.752,High income,25.8,10.3,53.2
New Zealand,Oceania,22.7M,74.8,13254.7,0.734,Upper middle income,33.2,17.3,35.6
Fiji,Oceania,12.2M,73.0,23601.3,0.825,High income,8.1,10.3,64.5
Solomon Islands,Oceania,16.6,81.2,19181.6,0.726,High income,31.4,16.9,79.1
Vanuatu,Oceania,3.9M,67.1,12161.7,0.84,Upper middle income,30.0,16.7,82.0
